,gene_name,highly_variable
gene_0,gene_0,True
gene_1,gene_1,False
gene_2,gene_2,True
gene_3,gene_3,False
gene_4,gene_4,False
gene_5,gene_5,False
gene_6,gene_6,True
gene_7,gene_7,True
gene_8,gene_8,True
gene_9,gene_9,False
gene_10,gene_10,False
gene_11,gene_11,True
gene_12,gene_12,False
gene_13,gene_13,True
gene_14,gene_14,False
gene_15,gene_15,False
gene_16,gene_16,False
gene_17,gene_17,False
gene_18,gene_18,True
gene_19,gene_19,True
gene_20,gene_20,True
gene_21,gene_21,True
gene_22,gene_22,False
gene_23,gene_23,False
gene_24,gene_24,True
gene_25,gene_25,False
gene_26,gene_26,False
gene_27,gene_27,True
gene_28,gene_28,True
gene_29,gene_29,False
gene_30,gene_30,False
gene_31,gene_31,True
gene_32,gene_32,True
gene_33,gene_33,True
gene_34,gene_34,False
gene_35,gene_35,False
gene_36,gene_36,True
gene_37,gene_37,True
gene_38,gene_38,True
gene_39,gene_39,False
gene_40,gene_40,True
gene_41,gene_41,True
gene_42,gene_42,True
gene_43,gene_43,False
gene_44,gene_44,False
gene_45,gene_45,False
gene_46,gene_46,True
gene_47,gene_47,True
gene_48,gene_48,False
gene_49,gene_49,False
gene_50,gene_50,False
gene_51,gene_51,False
gene_52,gene_52,True
gene_53,gene_53,True
gene_54,gene_54,True
gene_55,gene_55,False
gene_56,gene_56,False
gene_57,gene_57,True
gene_58,gene_58,False
gene_59,gene_59,True
gene_60,gene_60,True
gene_61,gene_61,True
gene_62,gene_62,False
gene_63,gene_63,False
gene_64,gene_64,False
gene_65,gene_65,True
gene_66,gene_66,True
gene_67,gene_67,False
gene_68,gene_68,True
gene_69,gene_69,False
gene_70,gene_70,False
gene_71,gene_71,True
gene_72,gene_72,True
gene_73,gene_73,False
gene_74,gene_74,False
gene_75,gene_75,True
gene_76,gene_76,True
gene_77,gene_77,False
gene_78,gene_78,False
gene_79,gene_79,False
gene_80,gene_80,False
gene_81,gene_81,True
gene_82,gene_82,False
gene_83,gene_83,False
gene_84,gene_84,False
gene_85,gene_85,True
gene_86,gene_86,True
gene_87,gene_87,True
gene_88,gene_88,False
gene_89,gene_89,False
gene_90,gene_90,True
gene_91,gene_91,True
gene_92,gene_92,True
gene_93,gene_93,True
gene_94,gene_94,True
gene_95,gene_95,True
gene_96,gene_96,False
gene_97,gene_97,True
gene_98,gene_98,True
gene_99,gene_99,False
gene_100,gene_100,True
gene_101,gene_101,False
gene_102,gene_102,False
gene_103,gene_103,True
gene_104,gene_104,False
gene_105,gene_105,True
gene_106,gene_106,False
gene_107,gene_107,False
gene_108,gene_108,False
gene_109,gene_109,True
gene_110,gene_110,True
gene_111,gene_111,False
gene_112,gene_112,True
gene_113,gene_113,True
gene_114,gene_114,False
gene_115,gene_115,False
gene_116,gene_116,False
gene_117,gene_117,True
gene_118,gene_118,True
gene_119,gene_119,True
gene_120,gene_120,True
gene_121,gene_121,True
gene_122,gene_122,False
gene_123,gene_123,False
gene_124,gene_124,True
gene_125,gene_125,False
gene_126,gene_126,False
gene_127,gene_127,False
gene_128,gene_128,False
gene_129,gene_129,False
gene_130,gene_130,False
gene_131,gene_131,True
gene_132,gene_132,False
gene_133,gene_133,True
gene_134,gene_134,False
gene_135,gene_135,True
gene_136,gene_136,False
gene_137,gene_137,False
gene_138,gene_138,True
gene_139,gene_139,False
gene_140,gene_140,False
gene_141,gene_141,False
gene_142,gene_142,True
gene_143,gene_143,True
gene_144,gene_144,False
gene_145,gene_145,True
gene_146,gene_146,False
gene_147,gene_147,False
gene_148,gene_148,True
gene_149,gene_149,True
gene_150,gene_150,True
gene_151,gene_151,False
gene_152,gene_152,False
gene_153,gene_153,True
gene_154,gene_154,False
gene_155,gene_155,False
gene_156,gene_156,False
gene_157,gene_157,True
gene_158,gene_158,True
gene_159,gene_159,True
gene_160,gene_160,False
gene_161,gene_161,True
gene_162,gene_162,False
gene_163,gene_163,False
gene_164,gene_164,True
gene_165,gene_165,True
gene_166,gene_166,True
gene_167,gene_167,True
gene_168,gene_168,True
gene_169,gene_169,True
gene_170,gene_170,False
gene_171,gene_171,True
gene_172,gene_172,False
gene_173,gene_173,False
gene_174,gene_174,False
gene_175,gene_175,True
gene_176,gene_176,True
gene_177,gene_177,True
gene_178,gene_178,False
gene_179,gene_179,True
gene_180,gene_180,False
gene_181,gene_181,False
gene_182,gene_182,True
gene_183,gene_183,True
gene_184,gene_184,False
gene_185,gene_185,True
gene_186,gene_186,True
gene_187,gene_187,False
gene_188,gene_188,False
gene_189,gene_189,False
gene_190,gene_190,False
gene_191,gene_191,False
gene_192,gene_192,True
gene_193,gene_193,False
gene_194,gene_194,False
gene_195,gene_195,False
gene_196,gene_196,True
gene_197,gene_197,False
gene_198,gene_198,False
gene_199,gene_199,False
gene_200,gene_200,True
gene_201,gene_201,False
gene_202,gene_202,True
gene_203,gene_203,True
gene_204,gene_204,False
gene_205,gene_205,True
gene_206,gene_206,True
gene_207,gene_207,True
gene_208,gene_208,False
gene_209,gene_209,False
gene_210,gene_210,False
gene_211,gene_211,False
gene_212,gene_212,False
gene_213,gene_213,False
gene_214,gene_214,False
gene_215,gene_215,True
gene_216,gene_216,False
gene_217,gene_217,True
gene_218,gene_218,False
gene_219,gene_219,True
gene_220,gene_220,True
gene_221,gene_221,True
gene_222,gene_222,False
gene_223,gene_223,True
gene_224,gene_224,False
gene_225,gene_225,False
gene_226,gene_226,True
gene_227,gene_227,True
gene_228,gene_228,False
gene_229,gene_229,True
gene_230,gene_230,True
gene_231,gene_231,False
gene_232,gene_232,True
gene_233,gene_233,True
gene_234,gene_234,True
gene_235,gene_235,True
gene_236,gene_236,True
gene_237,gene_237,True
gene_238,gene_238,False
gene_239,gene_239,True
gene_240,gene_240,True
gene_241,gene_241,True
gene_242,gene_242,False
gene_243,gene_243,False
gene_244,gene_244,True
gene_245,gene_245,False
gene_246,gene_246,True
gene_247,gene_247,True
gene_248,gene_248,True
gene_249,gene_249,True
gene_250,gene_250,True
gene_251,gene_251,False
gene_252,gene_252,True
gene_253,gene_253,True
gene_254,gene_254,False
gene_255,gene_255,False
gene_256,gene_256,False
gene_257,gene_257,False
gene_258,gene_258,True
gene_259,gene_259,False
gene_260,gene_260,False
gene_261,gene_261,True
gene_262,gene_262,True
gene_263,gene_263,False
gene_264,gene_264,True
gene_265,gene_265,True
gene_266,gene_266,True
gene_267,gene_267,False
gene_268,gene_268,False
gene_269,gene_269,True
gene_270,gene_270,True
gene_271,gene_271,False
gene_272,gene_272,True
gene_273,gene_273,True
gene_274,gene_274,True
gene_275,gene_275,True
gene_276,gene_276,True
gene_277,gene_277,False
gene_278,gene_278,False
gene_279,gene_279,False
gene_280,gene_280,True
gene_281,gene_281,True
gene_282,gene_282,True
gene_283,gene_283,False
gene_284,gene_284,False
gene_285,gene_285,False
gene_286,gene_286,True
gene_287,gene_287,False
gene_288,gene_288,True
gene_289,gene_289,False
gene_290,gene_290,False
gene_291,gene_291,False
gene_292,gene_292,True
gene_293,gene_293,True
gene_294,gene_294,True
gene_295,gene_295,False
gene_296,gene_296,False
gene_297,gene_297,True
gene_298,gene_298,True
gene_299,gene_299,True
gene_300,gene_300,True
gene_301,gene_301,False
gene_302,gene_302,False
gene_303,gene_303,True
gene_304,gene_304,False
gene_305,gene_305,True
gene_306,gene_306,False
gene_307,gene_307,True
gene_308,gene_308,False
gene_309,gene_309,True
gene_310,gene_310,True
gene_311,gene_311,True
gene_312,gene_312,True
gene_313,gene_313,True
gene_314,gene_314,True
gene_315,gene_315,False
gene_316,gene_316,True
gene_317,gene_317,False
gene_318,gene_318,True
gene_319,gene_319,True
gene_320,gene_320,True
gene_321,gene_321,False
gene_322,gene_322,False
gene_323,gene_323,False
gene_324,gene_324,True
gene_325,gene_325,False
gene_326,gene_326,True
gene_327,gene_327,False
gene_328,gene_328,True
gene_329,gene_329,False
gene_330,gene_330,True
gene_331,gene_331,True
gene_332,gene_332,True
gene_333,gene_333,True
gene_334,gene_334,False
gene_335,gene_335,True
gene_336,gene_336,False
gene_337,gene_337,True
gene_338,gene_338,False
gene_339,gene_339,False
gene_340,gene_340,True
gene_341,gene_341,True
gene_342,gene_342,False
gene_343,gene_343,True
gene_344,gene_344,True
gene_345,gene_345,True
gene_346,gene_346,True
gene_347,gene_347,False
gene_348,gene_348,True
gene_349,gene_349,True
gene_350,gene_350,True
gene_351,gene_351,False
gene_352,gene_352,False
gene_353,gene_353,True
gene_354,gene_354,False
gene_355,gene_355,False
gene_356,gene_356,False
gene_357,gene_357,True
gene_358,gene_358,True
gene_359,gene_359,False
gene_360,gene_360,True
gene_361,gene_361,True
gene_362,gene_362,True
gene_363,gene_363,False
gene_364,gene_364,False
gene_365,gene_365,False
gene_366,gene_366,True
gene_367,gene_367,True
gene_368,gene_368,True
gene_369,gene_369,False
gene_370,gene_370,True
gene_371,gene_371,True
gene_372,gene_372,True
gene_373,gene_373,False
gene_374,gene_374,True
gene_375,gene_375,False
gene_376,gene_376,True
gene_377,gene_377,False
gene_378,gene_378,True
gene_379,gene_379,True
gene_380,gene_380,False
gene_381,gene_381,False
gene_382,gene_382,False
gene_383,gene_383,False
gene_384,gene_384,True
gene_385,gene_385,False
gene_386,gene_386,False
gene_387,gene_387,False
gene_388,gene_388,False
gene_389,gene_389,True
gene_390,gene_390,True
gene_391,gene_391,True
gene_392,gene_392,False
gene_393,gene_393,True
gene_394,gene_394,False
gene_395,gene_395,False
gene_396,gene_396,True
gene_397,gene_397,False
gene_398,gene_398,False
gene_399,gene_399,True
gene_400,gene_400,True
gene_401,gene_401,False
gene_402,gene_402,False
gene_403,gene_403,False
gene_404,gene_404,False
gene_405,gene_405,True
gene_406,gene_406,False
gene_407,gene_407,False
gene_408,gene_408,True
gene_409,gene_409,False
gene_410,gene_410,False
gene_411,gene_411,True
gene_412,gene_412,False
gene_413,gene_413,True
gene_414,gene_414,False
gene_415,gene_415,False
gene_416,gene_416,False
gene_417,gene_417,False
gene_418,gene_418,True
gene_419,gene_419,False
gene_420,gene_420,True
gene_421,gene_421,False
gene_422,gene_422,False
gene_423,gene_423,False
gene_424,gene_424,True
gene_425,gene_425,False
gene_426,gene_426,False
gene_427,gene_427,False
gene_428,gene_428,False
gene_429,gene_429,True
gene_430,gene_430,False
gene_431,gene_431,False
gene_432,gene_432,False
gene_433,gene_433,False
gene_434,gene_434,False
gene_435,gene_435,True
gene_436,gene_436,False
gene_437,gene_437,True
gene_438,gene_438,False
gene_439,gene_439,True
gene_440,gene_440,False
gene_441,gene_441,False
gene_442,gene_442,True
gene_443,gene_443,False
gene_444,gene_444,True
gene_445,gene_445,True
gene_446,gene_446,True
gene_447,gene_447,True
gene_448,gene_448,True
gene_449,gene_449,False
gene_450,gene_450,True
gene_451,gene_451,False
gene_452,gene_452,False
gene_453,gene_453,False
gene_454,gene_454,True
gene_455,gene_455,True
gene_456,gene_456,False
gene_457,gene_457,False
gene_458,gene_458,True
gene_459,gene_459,False
gene_460,gene_460,True
gene_461,gene_461,False
gene_462,gene_462,True
gene_463,gene_463,True
gene_464,gene_464,False
gene_465,gene_465,False
gene_466,gene_466,True
gene_467,gene_467,False
gene_468,gene_468,True
gene_469,gene_469,True
gene_470,gene_470,False
gene_471,gene_471,True
gene_472,gene_472,False
gene_473,gene_473,True
gene_474,gene_474,False
gene_475,gene_475,False
gene_476,gene_476,True
gene_477,gene_477,False
gene_478,gene_478,True
gene_479,gene_479,False
gene_480,gene_480,True
gene_481,gene_481,False
gene_482,gene_482,False
gene_483,gene_483,True
gene_484,gene_484,True
gene_485,gene_485,False
gene_486,gene_486,True
gene_487,gene_487,True
gene_488,gene_488,False
gene_489,gene_489,True
gene_490,gene_490,False
gene_491,gene_491,False
gene_492,gene_492,False
gene_493,gene_493,False
gene_494,gene_494,False
gene_495,gene_495,True
gene_496,gene_496,True
gene_497,gene_497,True
gene_498,gene_498,False
gene_499,gene_499,True
gene_500,gene_500,False
gene_501,gene_501,True
gene_502,gene_502,False
gene_503,gene_503,False
gene_504,gene_504,True
gene_505,gene_505,False
gene_506,gene_506,False
gene_507,gene_507,False
gene_508,gene_508,False
gene_509,gene_509,False
gene_510,gene_510,False
gene_511,gene_511,False
gene_512,gene_512,False
gene_513,gene_513,True
gene_514,gene_514,True
gene_515,gene_515,True
gene_516,gene_516,True
gene_517,gene_517,True
gene_518,gene_518,True
gene_519,gene_519,False
gene_520,gene_520,False
gene_521,gene_521,True
gene_522,gene_522,True
gene_523,gene_523,True
gene_524,gene_524,True
gene_525,gene_525,False
gene_526,gene_526,False
gene_527,gene_527,True
gene_528,gene_528,False
gene_529,gene_529,True
gene_530,gene_530,False
gene_531,gene_531,False
gene_532,gene_532,False
gene_533,gene_533,True
gene_534,gene_534,True
gene_535,gene_535,False
gene_536,gene_536,True
gene_537,gene_537,False
gene_538,gene_538,False
gene_539,gene_539,True
gene_540,gene_540,False
gene_541,gene_541,True
gene_542,gene_542,False
gene_543,gene_543,True
gene_544,gene_544,True
gene_545,gene_545,True
gene_546,gene_546,True
gene_547,gene_547,True
gene_548,gene_548,True
gene_549,gene_549,False
gene_550,gene_550,True
gene_551,gene_551,False
gene_552,gene_552,False
gene_553,gene_553,True
gene_554,gene_554,False
gene_555,gene_555,False
gene_556,gene_556,True
gene_557,gene_557,False
gene_558,gene_558,False
gene_559,gene_559,False
gene_560,gene_560,False
gene_561,gene_561,True
gene_562,gene_562,False
gene_563,gene_563,False
gene_564,gene_564,True
gene_565,gene_565,False
gene_566,gene_566,True
gene_567,gene_567,False
gene_568,gene_568,True
gene_569,gene_569,True
gene_570,gene_570,False
gene_571,gene_571,False
gene_572,gene_572,True
gene_573,gene_573,True
gene_574,gene_574,True
gene_575,gene_575,False
gene_576,gene_576,False
gene_577,gene_577,True
gene_578,gene_578,True
gene_579,gene_579,True
gene_580,gene_580,True
gene_581,gene_581,False
gene_582,gene_582,True
gene_583,gene_583,False
gene_584,gene_584,False
gene_585,gene_585,True
gene_586,gene_586,False
gene_587,gene_587,False
gene_588,gene_588,False
gene_589,gene_589,True
gene_590,gene_590,True
gene_591,gene_591,False
gene_592,gene_592,True
gene_593,gene_593,False
gene_594,gene_594,True
gene_595,gene_595,True
gene_596,gene_596,False
gene_597,gene_597,False
gene_598,gene_598,False
gene_599,gene_599,True
gene_600,gene_600,False
gene_601,gene_601,True
gene_602,gene_602,True
gene_603,gene_603,True
gene_604,gene_604,True
gene_605,gene_605,False
gene_606,gene_606,True
gene_607,gene_607,True
gene_608,gene_608,True
gene_609,gene_609,True
gene_610,gene_610,True
gene_611,gene_611,False
gene_612,gene_612,False
gene_613,gene_613,False
gene_614,gene_614,True
gene_615,gene_615,False
gene_616,gene_616,True
gene_617,gene_617,False
gene_618,gene_618,False
gene_619,gene_619,True
gene_620,gene_620,True
gene_621,gene_621,True
gene_622,gene_622,False
gene_623,gene_623,False
gene_624,gene_624,True
gene_625,gene_625,True
gene_626,gene_626,True
gene_627,gene_627,True
gene_628,gene_628,False
gene_629,gene_629,False
gene_630,gene_630,False
gene_631,gene_631,True
gene_632,gene_632,False
gene_633,gene_633,True
gene_634,gene_634,True
gene_635,gene_635,True
gene_636,gene_636,True
gene_637,gene_637,False
gene_638,gene_638,True
gene_639,gene_639,True
gene_640,gene_640,True
gene_641,gene_641,False
gene_642,gene_642,False
gene_643,gene_643,False
gene_644,gene_644,True
gene_645,gene_645,False
gene_646,gene_646,True
gene_647,gene_647,False
gene_648,gene_648,True
gene_649,gene_649,False
gene_650,gene_650,True
gene_651,gene_651,True
gene_652,gene_652,True
gene_653,gene_653,False
gene_654,gene_654,True
gene_655,gene_655,False
gene_656,gene_656,True
gene_657,gene_657,True
gene_658,gene_658,True
gene_659,gene_659,True
gene_660,gene_660,False
gene_661,gene_661,False
gene_662,gene_662,False
gene_663,gene_663,True
gene_664,gene_664,True
gene_665,gene_665,True
gene_666,gene_666,True
gene_667,gene_667,True
gene_668,gene_668,False
gene_669,gene_669,True
gene_670,gene_670,False
gene_671,gene_671,False
gene_672,gene_672,False
gene_673,gene_673,False
gene_674,gene_674,False
gene_675,gene_675,False
gene_676,gene_676,False
gene_677,gene_677,True
gene_678,gene_678,True
gene_679,gene_679,True
gene_680,gene_680,True
gene_681,gene_681,False
gene_682,gene_682,False
gene_683,gene_683,False
gene_684,gene_684,False
gene_685,gene_685,True
gene_686,gene_686,False
gene_687,gene_687,True
gene_688,gene_688,True
gene_689,gene_689,False
gene_690,gene_690,False
gene_691,gene_691,True
gene_692,gene_692,False
gene_693,gene_693,False
gene_694,gene_694,False
gene_695,gene_695,True
gene_696,gene_696,True
gene_697,gene_697,True
gene_698,gene_698,False
gene_699,gene_699,False
gene_700,gene_700,True
gene_701,gene_701,True
gene_702,gene_702,True
gene_703,gene_703,False
gene_704,gene_704,True
gene_705,gene_705,False
gene_706,gene_706,True
gene_707,gene_707,False
gene_708,gene_708,True
gene_709,gene_709,False
gene_710,gene_710,False
gene_711,gene_711,True
gene_712,gene_712,False
gene_713,gene_713,False
gene_714,gene_714,False
gene_715,gene_715,True
gene_716,gene_716,True
gene_717,gene_717,False
gene_718,gene_718,True
gene_719,gene_719,False
gene_720,gene_720,True
gene_721,gene_721,True
gene_722,gene_722,True
gene_723,gene_723,False
gene_724,gene_724,False
gene_725,gene_725,False
gene_726,gene_726,True
gene_727,gene_727,False
gene_728,gene_728,False
gene_729,gene_729,True
gene_730,gene_730,False
gene_731,gene_731,False
gene_732,gene_732,True
gene_733,gene_733,False
gene_734,gene_734,True
gene_735,gene_735,False
gene_736,gene_736,False
gene_737,gene_737,True
gene_738,gene_738,True
gene_739,gene_739,True
gene_740,gene_740,False
gene_741,gene_741,False
gene_742,gene_742,False
gene_743,gene_743,True
gene_744,gene_744,True
gene_745,gene_745,False
gene_746,gene_746,False
gene_747,gene_747,True
gene_748,gene_748,False
gene_749,gene_749,True
gene_750,gene_750,True
gene_751,gene_751,False
gene_752,gene_752,False
gene_753,gene_753,False
gene_754,gene_754,True
gene_755,gene_755,True
gene_756,gene_756,False
gene_757,gene_757,False
gene_758,gene_758,False
gene_759,gene_759,False
gene_760,gene_760,False
gene_761,gene_761,False
gene_762,gene_762,False
gene_763,gene_763,False
gene_764,gene_764,False
gene_765,gene_765,True
gene_766,gene_766,False
gene_767,gene_767,True
gene_768,gene_768,False
gene_769,gene_769,False
gene_770,gene_770,False
gene_771,gene_771,False
gene_772,gene_772,False
gene_773,gene_773,True
gene_774,gene_774,True
gene_775,gene_775,False
gene_776,gene_776,True
gene_777,gene_777,True
gene_778,gene_778,True
gene_779,gene_779,False
gene_780,gene_780,True
gene_781,gene_781,True
gene_782,gene_782,True
gene_783,gene_783,True
gene_784,gene_784,True
gene_785,gene_785,True
gene_786,gene_786,True
gene_787,gene_787,False
gene_788,gene_788,True
gene_789,gene_789,False
gene_790,gene_790,True
gene_791,gene_791,False
gene_792,gene_792,True
gene_793,gene_793,True
gene_794,gene_794,False
gene_795,gene_795,True
gene_796,gene_796,False
gene_797,gene_797,False
gene_798,gene_798,True
gene_799,gene_799,True
gene_800,gene_800,False
gene_801,gene_801,True
gene_802,gene_802,True
gene_803,gene_803,False
gene_804,gene_804,False
gene_805,gene_805,False
gene_806,gene_806,False
gene_807,gene_807,True
gene_808,gene_808,False
gene_809,gene_809,False
gene_810,gene_810,True
gene_811,gene_811,False
gene_812,gene_812,False
gene_813,gene_813,False
gene_814,gene_814,False
gene_815,gene_815,False
gene_816,gene_816,False
gene_817,gene_817,True
gene_818,gene_818,False
gene_819,gene_819,False
gene_820,gene_820,True
gene_821,gene_821,True
gene_822,gene_822,False
gene_823,gene_823,True
gene_824,gene_824,False
gene_825,gene_825,False
gene_826,gene_826,False
gene_827,gene_827,True
gene_828,gene_828,False
gene_829,gene_829,True
gene_830,gene_830,True
gene_831,gene_831,True
gene_832,gene_832,False
gene_833,gene_833,False
gene_834,gene_834,False
gene_835,gene_835,False
gene_836,gene_836,True
gene_837,gene_837,False
gene_838,gene_838,False
gene_839,gene_839,False
gene_840,gene_840,False
gene_841,gene_841,True
gene_842,gene_842,False
gene_843,gene_843,True
gene_844,gene_844,False
gene_845,gene_845,True
gene_846,gene_846,True
gene_847,gene_847,False
gene_848,gene_848,True
gene_849,gene_849,False
gene_850,gene_850,True
gene_851,gene_851,True
gene_852,gene_852,True
gene_853,gene_853,False
gene_854,gene_854,False
gene_855,gene_855,False
gene_856,gene_856,False
gene_857,gene_857,False
gene_858,gene_858,True
gene_859,gene_859,True
gene_860,gene_860,True
gene_861,gene_861,False
gene_862,gene_862,True
gene_863,gene_863,False
gene_864,gene_864,True
gene_865,gene_865,False
gene_866,gene_866,False
gene_867,gene_867,False
gene_868,gene_868,False
gene_869,gene_869,True
gene_870,gene_870,True
gene_871,gene_871,False
gene_872,gene_872,False
gene_873,gene_873,True
gene_874,gene_874,False
gene_875,gene_875,False
gene_876,gene_876,False
gene_877,gene_877,True
gene_878,gene_878,False
gene_879,gene_879,False
gene_880,gene_880,True
gene_881,gene_881,True
gene_882,gene_882,False
gene_883,gene_883,False
gene_884,gene_884,True
gene_885,gene_885,False
gene_886,gene_886,False
gene_887,gene_887,True
gene_888,gene_888,True
gene_889,gene_889,True
gene_890,gene_890,True
gene_891,gene_891,True
gene_892,gene_892,False
gene_893,gene_893,False
gene_894,gene_894,True
gene_895,gene_895,False
gene_896,gene_896,True
gene_897,gene_897,False
gene_898,gene_898,False
gene_899,gene_899,True
gene_900,gene_900,False
gene_901,gene_901,False
gene_902,gene_902,False
gene_903,gene_903,True
gene_904,gene_904,True
gene_905,gene_905,False
gene_906,gene_906,True
gene_907,gene_907,True
gene_908,gene_908,False
gene_909,gene_909,True
gene_910,gene_910,True
gene_911,gene_911,False
gene_912,gene_912,True
gene_913,gene_913,False
gene_914,gene_914,True
gene_915,gene_915,True
gene_916,gene_916,True
gene_917,gene_917,False
gene_918,gene_918,True
gene_919,gene_919,False
gene_920,gene_920,True
gene_921,gene_921,False
gene_922,gene_922,False
gene_923,gene_923,False
gene_924,gene_924,False
gene_925,gene_925,True
gene_926,gene_926,True
gene_927,gene_927,True
gene_928,gene_928,True
gene_929,gene_929,False
gene_930,gene_930,False
gene_931,gene_931,False
gene_932,gene_932,False
gene_933,gene_933,True
gene_934,gene_934,False
gene_935,gene_935,True
gene_936,gene_936,False
gene_937,gene_937,True
gene_938,gene_938,False
gene_939,gene_939,False
gene_940,gene_940,True
gene_941,gene_941,False
gene_942,gene_942,True
gene_943,gene_943,False
gene_944,gene_944,False
gene_945,gene_945,True
gene_946,gene_946,False
gene_947,gene_947,True
gene_948,gene_948,False
gene_949,gene_949,True
gene_950,gene_950,True
gene_951,gene_951,True
gene_952,gene_952,True
gene_953,gene_953,False
gene_954,gene_954,True
gene_955,gene_955,False
gene_956,gene_956,True
gene_957,gene_957,False
gene_958,gene_958,True
gene_959,gene_959,False
gene_960,gene_960,False
gene_961,gene_961,True
gene_962,gene_962,False
gene_963,gene_963,False
gene_964,gene_964,False
gene_965,gene_965,False
gene_966,gene_966,True
gene_967,gene_967,False
gene_968,gene_968,False
gene_969,gene_969,True
gene_970,gene_970,False
gene_971,gene_971,False
gene_972,gene_972,False
gene_973,gene_973,False
gene_974,gene_974,False
gene_975,gene_975,True
gene_976,gene_976,True
gene_977,gene_977,False
gene_978,gene_978,True
gene_979,gene_979,True
gene_980,gene_980,False
gene_981,gene_981,False
gene_982,gene_982,False
gene_983,gene_983,True
gene_984,gene_984,False
gene_985,gene_985,True
gene_986,gene_986,False
gene_987,gene_987,True
gene_988,gene_988,False
gene_989,gene_989,False
gene_990,gene_990,False
gene_991,gene_991,True
gene_992,gene_992,True
gene_993,gene_993,True
gene_994,gene_994,False
gene_995,gene_995,False
gene_996,gene_996,False
gene_997,gene_997,False
gene_998,gene_998,True
gene_999,gene_999,False
gene_1000,gene_1000,False
gene_1001,gene_1001,True
gene_1002,gene_1002,True
gene_1003,gene_1003,False
gene_1004,gene_1004,False
gene_1005,gene_1005,False
gene_1006,gene_1006,True
gene_1007,gene_1007,True
gene_1008,gene_1008,True
gene_1009,gene_1009,True
gene_1010,gene_1010,False
gene_1011,gene_1011,True
gene_1012,gene_1012,False
gene_1013,gene_1013,False
gene_1014,gene_1014,False
gene_1015,gene_1015,False
gene_1016,gene_1016,True
gene_1017,gene_1017,True
gene_1018,gene_1018,False
gene_1019,gene_1019,True
gene_1020,gene_1020,False
gene_1021,gene_1021,False
gene_1022,gene_1022,False
gene_1023,gene_1023,False
gene_1024,gene_1024,True
gene_1025,gene_1025,False
gene_1026,gene_1026,True
gene_1027,gene_1027,False
gene_1028,gene_1028,False
gene_1029,gene_1029,True
gene_1030,gene_1030,False
gene_1031,gene_1031,True
gene_1032,gene_1032,False
gene_1033,gene_1033,True
gene_1034,gene_1034,True
gene_1035,gene_1035,True
gene_1036,gene_1036,True
gene_1037,gene_1037,True
gene_1038,gene_1038,False
gene_1039,gene_1039,False
gene_1040,gene_1040,True
gene_1041,gene_1041,False
gene_1042,gene_1042,True
gene_1043,gene_1043,False
gene_1044,gene_1044,True
gene_1045,gene_1045,True
gene_1046,gene_1046,True
gene_1047,gene_1047,True
gene_1048,gene_1048,True
gene_1049,gene_1049,True
gene_1050,gene_1050,False
gene_1051,gene_1051,True
gene_1052,gene_1052,True
gene_1053,gene_1053,True
gene_1054,gene_1054,False
gene_1055,gene_1055,False
gene_1056,gene_1056,True
gene_1057,gene_1057,False
gene_1058,gene_1058,True
gene_1059,gene_1059,True
gene_1060,gene_1060,False
gene_1061,gene_1061,True
gene_1062,gene_1062,False
gene_1063,gene_1063,True
gene_1064,gene_1064,True
gene_1065,gene_1065,True
gene_1066,gene_1066,True
gene_1067,gene_1067,False
gene_1068,gene_1068,False
gene_1069,gene_1069,False
gene_1070,gene_1070,True
gene_1071,gene_1071,True
gene_1072,gene_1072,False
gene_1073,gene_1073,True
gene_1074,gene_1074,False
gene_1075,gene_1075,True
gene_1076,gene_1076,True
gene_1077,gene_1077,True
gene_1078,gene_1078,True
gene_1079,gene_1079,False
gene_1080,gene_1080,True
gene_1081,gene_1081,False
gene_1082,gene_1082,False
gene_1083,gene_1083,False
gene_1084,gene_1084,False
gene_1085,gene_1085,False
gene_1086,gene_1086,True
gene_1087,gene_1087,False
gene_1088,gene_1088,False
gene_1089,gene_1089,False
gene_1090,gene_1090,True
gene_1091,gene_1091,False
gene_1092,gene_1092,True
gene_1093,gene_1093,True
gene_1094,gene_1094,False
gene_1095,gene_1095,False
gene_1096,gene_1096,True
gene_1097,gene_1097,True
gene_1098,gene_1098,True
gene_1099,gene_1099,True
gene_1100,gene_1100,False
gene_1101,gene_1101,False
gene_1102,gene_1102,False
gene_1103,gene_1103,False
gene_1104,gene_1104,False
gene_1105,gene_1105,False
gene_1106,gene_1106,False
gene_1107,gene_1107,False
gene_1108,gene_1108,False
gene_1109,gene_1109,True
gene_1110,gene_1110,False
gene_1111,gene_1111,True
gene_1112,gene_1112,False
gene_1113,gene_1113,False
gene_1114,gene_1114,False
gene_1115,gene_1115,True
gene_1116,gene_1116,True
gene_1117,gene_1117,True
gene_1118,gene_1118,False
gene_1119,gene_1119,False
gene_1120,gene_1120,True
gene_1121,gene_1121,True
gene_1122,gene_1122,True
gene_1123,gene_1123,True
gene_1124,gene_1124,True
gene_1125,gene_1125,False
gene_1126,gene_1126,False
gene_1127,gene_1127,True
gene_1128,gene_1128,True
gene_1129,gene_1129,False
gene_1130,gene_1130,False
gene_1131,gene_1131,False
gene_1132,gene_1132,False
gene_1133,gene_1133,False
gene_1134,gene_1134,True
gene_1135,gene_1135,False
gene_1136,gene_1136,False
gene_1137,gene_1137,True
gene_1138,gene_1138,False
gene_1139,gene_1139,False
gene_1140,gene_1140,False
gene_1141,gene_1141,True
gene_1142,gene_1142,False
gene_1143,gene_1143,False
gene_1144,gene_1144,True
gene_1145,gene_1145,False
gene_1146,gene_1146,False
gene_1147,gene_1147,False
gene_1148,gene_1148,True
gene_1149,gene_1149,True
gene_1150,gene_1150,True
gene_1151,gene_1151,True
gene_1152,gene_1152,True
gene_1153,gene_1153,False
gene_1154,gene_1154,False
gene_1155,gene_1155,True
gene_1156,gene_1156,False
gene_1157,gene_1157,False
gene_1158,gene_1158,True
gene_1159,gene_1159,True
gene_1160,gene_1160,False
gene_1161,gene_1161,True
gene_1162,gene_1162,False
gene_1163,gene_1163,True
gene_1164,gene_1164,False
gene_1165,gene_1165,True
gene_1166,gene_1166,False
gene_1167,gene_1167,False
gene_1168,gene_1168,False
gene_1169,gene_1169,False
gene_1170,gene_1170,False
gene_1171,gene_1171,False
gene_1172,gene_1172,False
gene_1173,gene_1173,False
gene_1174,gene_1174,False
gene_1175,gene_1175,True
gene_1176,gene_1176,True
gene_1177,gene_1177,False
gene_1178,gene_1178,False
gene_1179,gene_1179,False
gene_1180,gene_1180,False
gene_1181,gene_1181,False
gene_1182,gene_1182,True
gene_1183,gene_1183,True
gene_1184,gene_1184,True
gene_1185,gene_1185,True
gene_1186,gene_1186,False
gene_1187,gene_1187,True
gene_1188,gene_1188,True
gene_1189,gene_1189,True
gene_1190,gene_1190,True
gene_1191,gene_1191,False
gene_1192,gene_1192,True
gene_1193,gene_1193,True
gene_1194,gene_1194,True
gene_1195,gene_1195,False
gene_1196,gene_1196,True
gene_1197,gene_1197,False
gene_1198,gene_1198,True
gene_1199,gene_1199,True
gene_1200,gene_1200,True
gene_1201,gene_1201,False
gene_1202,gene_1202,True
gene_1203,gene_1203,True
gene_1204,gene_1204,False
gene_1205,gene_1205,True
gene_1206,gene_1206,True
gene_1207,gene_1207,False
gene_1208,gene_1208,True
gene_1209,gene_1209,False
gene_1210,gene_1210,True
gene_1211,gene_1211,True
gene_1212,gene_1212,False
gene_1213,gene_1213,True
gene_1214,gene_1214,True
gene_1215,gene_1215,False
gene_1216,gene_1216,False
gene_1217,gene_1217,False
gene_1218,gene_1218,True
gene_1219,gene_1219,True
gene_1220,gene_1220,True
gene_1221,gene_1221,True
gene_1222,gene_1222,False
gene_1223,gene_1223,False
gene_1224,gene_1224,True
gene_1225,gene_1225,True
gene_1226,gene_1226,True
gene_1227,gene_1227,True
gene_1228,gene_1228,False
gene_1229,gene_1229,True
gene_1230,gene_1230,False
gene_1231,gene_1231,False
gene_1232,gene_1232,False
gene_1233,gene_1233,True
gene_1234,gene_1234,True
gene_1235,gene_1235,True
gene_1236,gene_1236,True
gene_1237,gene_1237,False
gene_1238,gene_1238,True
gene_1239,gene_1239,False
gene_1240,gene_1240,True
gene_1241,gene_1241,True
gene_1242,gene_1242,False
gene_1243,gene_1243,True
gene_1244,gene_1244,False
gene_1245,gene_1245,False
gene_1246,gene_1246,True
gene_1247,gene_1247,False
gene_1248,gene_1248,True
gene_1249,gene_1249,False
gene_1250,gene_1250,True
gene_1251,gene_1251,False
gene_1252,gene_1252,True
gene_1253,gene_1253,False
gene_1254,gene_1254,True
gene_1255,gene_1255,True
gene_1256,gene_1256,False
gene_1257,gene_1257,False
gene_1258,gene_1258,False
gene_1259,gene_1259,False
gene_1260,gene_1260,False
gene_1261,gene_1261,True
gene_1262,gene_1262,True
gene_1263,gene_1263,True
gene_1264,gene_1264,False
gene_1265,gene_1265,False
gene_1266,gene_1266,False
gene_1267,gene_1267,True
gene_1268,gene_1268,False
gene_1269,gene_1269,True
gene_1270,gene_1270,False
gene_1271,gene_1271,False
gene_1272,gene_1272,False
gene_1273,gene_1273,False
gene_1274,gene_1274,True
gene_1275,gene_1275,False
gene_1276,gene_1276,False
gene_1277,gene_1277,False
gene_1278,gene_1278,False
gene_1279,gene_1279,False
gene_1280,gene_1280,True
gene_1281,gene_1281,True
gene_1282,gene_1282,False
gene_1283,gene_1283,True
gene_1284,gene_1284,True
gene_1285,gene_1285,True
gene_1286,gene_1286,True
gene_1287,gene_1287,False
gene_1288,gene_1288,False
gene_1289,gene_1289,True
gene_1290,gene_1290,False
gene_1291,gene_1291,False
gene_1292,gene_1292,True
gene_1293,gene_1293,True
gene_1294,gene_1294,True
gene_1295,gene_1295,False
gene_1296,gene_1296,False
gene_1297,gene_1297,True
gene_1298,gene_1298,True
gene_1299,gene_1299,True
gene_1300,gene_1300,True
gene_1301,gene_1301,False
gene_1302,gene_1302,True
gene_1303,gene_1303,False
gene_1304,gene_1304,False
gene_1305,gene_1305,False
gene_1306,gene_1306,True
gene_1307,gene_1307,True
gene_1308,gene_1308,True
gene_1309,gene_1309,True
gene_1310,gene_1310,False
gene_1311,gene_1311,True
gene_1312,gene_1312,False
gene_1313,gene_1313,True
gene_1314,gene_1314,True
gene_1315,gene_1315,True
gene_1316,gene_1316,True
gene_1317,gene_1317,True
gene_1318,gene_1318,True
gene_1319,gene_1319,True
gene_1320,gene_1320,True
gene_1321,gene_1321,False
gene_1322,gene_1322,False
gene_1323,gene_1323,True
gene_1324,gene_1324,False
gene_1325,gene_1325,False
gene_1326,gene_1326,False
gene_1327,gene_1327,False
gene_1328,gene_1328,False
gene_1329,gene_1329,True
gene_1330,gene_1330,True
gene_1331,gene_1331,False
gene_1332,gene_1332,False
gene_1333,gene_1333,True
gene_1334,gene_1334,True
gene_1335,gene_1335,True
gene_1336,gene_1336,True
gene_1337,gene_1337,True
gene_1338,gene_1338,True
gene_1339,gene_1339,False
gene_1340,gene_1340,False
gene_1341,gene_1341,False
gene_1342,gene_1342,False
gene_1343,gene_1343,False
gene_1344,gene_1344,True
gene_1345,gene_1345,True
gene_1346,gene_1346,False
gene_1347,gene_1347,False
gene_1348,gene_1348,False
gene_1349,gene_1349,True
gene_1350,gene_1350,True
gene_1351,gene_1351,False
gene_1352,gene_1352,True
gene_1353,gene_1353,True
gene_1354,gene_1354,False
gene_1355,gene_1355,True
gene_1356,gene_1356,False
gene_1357,gene_1357,True
gene_1358,gene_1358,False
gene_1359,gene_1359,False
gene_1360,gene_1360,True
gene_1361,gene_1361,False
gene_1362,gene_1362,False
gene_1363,gene_1363,False
gene_1364,gene_1364,False
gene_1365,gene_1365,False
gene_1366,gene_1366,False
gene_1367,gene_1367,True
gene_1368,gene_1368,True
gene_1369,gene_1369,True
gene_1370,gene_1370,True
gene_1371,gene_1371,False
gene_1372,gene_1372,False
gene_1373,gene_1373,False
gene_1374,gene_1374,False
gene_1375,gene_1375,False
gene_1376,gene_1376,True
gene_1377,gene_1377,True
gene_1378,gene_1378,False
gene_1379,gene_1379,True
gene_1380,gene_1380,True
gene_1381,gene_1381,False
gene_1382,gene_1382,True
gene_1383,gene_1383,True
gene_1384,gene_1384,True
gene_1385,gene_1385,False
gene_1386,gene_1386,False
gene_1387,gene_1387,False
gene_1388,gene_1388,True
gene_1389,gene_1389,True
gene_1390,gene_1390,False
gene_1391,gene_1391,False
gene_1392,gene_1392,True
gene_1393,gene_1393,False
gene_1394,gene_1394,True
gene_1395,gene_1395,False
gene_1396,gene_1396,True
gene_1397,gene_1397,True
gene_1398,gene_1398,True
gene_1399,gene_1399,True
gene_1400,gene_1400,False
gene_1401,gene_1401,False
gene_1402,gene_1402,True
gene_1403,gene_1403,True
gene_1404,gene_1404,True
gene_1405,gene_1405,False
gene_1406,gene_1406,False
gene_1407,gene_1407,True
gene_1408,gene_1408,False
gene_1409,gene_1409,False
gene_1410,gene_1410,False
gene_1411,gene_1411,False
gene_1412,gene_1412,True
gene_1413,gene_1413,False
gene_1414,gene_1414,True
gene_1415,gene_1415,True
gene_1416,gene_1416,True
gene_1417,gene_1417,True
gene_1418,gene_1418,True
gene_1419,gene_1419,True
gene_1420,gene_1420,True
gene_1421,gene_1421,False
gene_1422,gene_1422,True
gene_1423,gene_1423,True
gene_1424,gene_1424,False
gene_1425,gene_1425,True
gene_1426,gene_1426,False
gene_1427,gene_1427,True
gene_1428,gene_1428,False
gene_1429,gene_1429,False
gene_1430,gene_1430,True
gene_1431,gene_1431,True
gene_1432,gene_1432,False
gene_1433,gene_1433,True
gene_1434,gene_1434,True
gene_1435,gene_1435,False
gene_1436,gene_1436,False
gene_1437,gene_1437,False
gene_1438,gene_1438,True
gene_1439,gene_1439,True
gene_1440,gene_1440,False
gene_1441,gene_1441,True
gene_1442,gene_1442,False
gene_1443,gene_1443,False
gene_1444,gene_1444,False
gene_1445,gene_1445,True
gene_1446,gene_1446,False
gene_1447,gene_1447,True
gene_1448,gene_1448,True
gene_1449,gene_1449,True
gene_1450,gene_1450,False
gene_1451,gene_1451,False
gene_1452,gene_1452,True
gene_1453,gene_1453,False
gene_1454,gene_1454,False
gene_1455,gene_1455,True
gene_1456,gene_1456,False
gene_1457,gene_1457,True
gene_1458,gene_1458,False
gene_1459,gene_1459,False
gene_1460,gene_1460,True
gene_1461,gene_1461,True
gene_1462,gene_1462,False
gene_1463,gene_1463,False
gene_1464,gene_1464,True
gene_1465,gene_1465,False
gene_1466,gene_1466,False
gene_1467,gene_1467,True
gene_1468,gene_1468,False
gene_1469,gene_1469,False
gene_1470,gene_1470,False
gene_1471,gene_1471,False
gene_1472,gene_1472,True
gene_1473,gene_1473,False
gene_1474,gene_1474,True
gene_1475,gene_1475,True
gene_1476,gene_1476,False
gene_1477,gene_1477,True
gene_1478,gene_1478,False
gene_1479,gene_1479,False
gene_1480,gene_1480,True
gene_1481,gene_1481,True
gene_1482,gene_1482,False
gene_1483,gene_1483,True
gene_1484,gene_1484,True
gene_1485,gene_1485,False
gene_1486,gene_1486,True
gene_1487,gene_1487,True
gene_1488,gene_1488,False
gene_1489,gene_1489,True
gene_1490,gene_1490,True
gene_1491,gene_1491,True
gene_1492,gene_1492,False
gene_1493,gene_1493,True
gene_1494,gene_1494,False
gene_1495,gene_1495,False
gene_1496,gene_1496,False
gene_1497,gene_1497,True
gene_1498,gene_1498,True
gene_1499,gene_1499,True
gene_1500,gene_1500,False
gene_1501,gene_1501,False
gene_1502,gene_1502,False
gene_1503,gene_1503,True
gene_1504,gene_1504,True
gene_1505,gene_1505,True
gene_1506,gene_1506,True
gene_1507,gene_1507,False
gene_1508,gene_1508,True
gene_1509,gene_1509,False
gene_1510,gene_1510,True
gene_1511,gene_1511,True
gene_1512,gene_1512,False
gene_1513,gene_1513,True
gene_1514,gene_1514,False
gene_1515,gene_1515,False
gene_1516,gene_1516,True
gene_1517,gene_1517,True
gene_1518,gene_1518,False
gene_1519,gene_1519,True
gene_1520,gene_1520,True
gene_1521,gene_1521,True
gene_1522,gene_1522,False
gene_1523,gene_1523,False
gene_1524,gene_1524,False
gene_1525,gene_1525,True
gene_1526,gene_1526,False
gene_1527,gene_1527,False
gene_1528,gene_1528,True
gene_1529,gene_1529,True
gene_1530,gene_1530,True
gene_1531,gene_1531,True
gene_1532,gene_1532,False
gene_1533,gene_1533,False
gene_1534,gene_1534,False
gene_1535,gene_1535,True
gene_1536,gene_1536,False
gene_1537,gene_1537,False
gene_1538,gene_1538,False
gene_1539,gene_1539,True
gene_1540,gene_1540,False
gene_1541,gene_1541,False
gene_1542,gene_1542,True
gene_1543,gene_1543,True
gene_1544,gene_1544,True
gene_1545,gene_1545,True
gene_1546,gene_1546,False
gene_1547,gene_1547,False
gene_1548,gene_1548,False
gene_1549,gene_1549,True
gene_1550,gene_1550,True
gene_1551,gene_1551,True
gene_1552,gene_1552,False
gene_1553,gene_1553,False
gene_1554,gene_1554,True
gene_1555,gene_1555,True
gene_1556,gene_1556,False
gene_1557,gene_1557,True
gene_1558,gene_1558,True
gene_1559,gene_1559,True
gene_1560,gene_1560,False
gene_1561,gene_1561,True
gene_1562,gene_1562,False
gene_1563,gene_1563,False
gene_1564,gene_1564,False
gene_1565,gene_1565,True
gene_1566,gene_1566,True
gene_1567,gene_1567,True
gene_1568,gene_1568,True
gene_1569,gene_1569,True
gene_1570,gene_1570,True
gene_1571,gene_1571,True
gene_1572,gene_1572,True
gene_1573,gene_1573,True
gene_1574,gene_1574,True
gene_1575,gene_1575,False
gene_1576,gene_1576,True
gene_1577,gene_1577,True
gene_1578,gene_1578,False
gene_1579,gene_1579,True
gene_1580,gene_1580,True
gene_1581,gene_1581,False
gene_1582,gene_1582,True
gene_1583,gene_1583,False
gene_1584,gene_1584,True
gene_1585,gene_1585,True
gene_1586,gene_1586,False
gene_1587,gene_1587,False
gene_1588,gene_1588,False
gene_1589,gene_1589,False
gene_1590,gene_1590,False
gene_1591,gene_1591,False
gene_1592,gene_1592,False
gene_1593,gene_1593,True
gene_1594,gene_1594,False
gene_1595,gene_1595,True
gene_1596,gene_1596,False
gene_1597,gene_1597,False
gene_1598,gene_1598,True
gene_1599,gene_1599,False
gene_1600,gene_1600,True
gene_1601,gene_1601,False
gene_1602,gene_1602,False
gene_1603,gene_1603,True
gene_1604,gene_1604,True
gene_1605,gene_1605,True
gene_1606,gene_1606,True
gene_1607,gene_1607,True
gene_1608,gene_1608,False
gene_1609,gene_1609,True
gene_1610,gene_1610,True
gene_1611,gene_1611,True
gene_1612,gene_1612,False
gene_1613,gene_1613,True
gene_1614,gene_1614,False
gene_1615,gene_1615,True
gene_1616,gene_1616,True
gene_1617,gene_1617,True
gene_1618,gene_1618,True
gene_1619,gene_1619,True
gene_1620,gene_1620,True
gene_1621,gene_1621,True
gene_1622,gene_1622,True
gene_1623,gene_1623,False
gene_1624,gene_1624,True
gene_1625,gene_1625,True
gene_1626,gene_1626,True
gene_1627,gene_1627,False
gene_1628,gene_1628,True
gene_1629,gene_1629,True
gene_1630,gene_1630,False
gene_1631,gene_1631,True
gene_1632,gene_1632,True
gene_1633,gene_1633,False
gene_1634,gene_1634,True
gene_1635,gene_1635,False
gene_1636,gene_1636,True
gene_1637,gene_1637,True
gene_1638,gene_1638,True
gene_1639,gene_1639,True
gene_1640,gene_1640,False
gene_1641,gene_1641,True
gene_1642,gene_1642,False
gene_1643,gene_1643,False
gene_1644,gene_1644,False
gene_1645,gene_1645,False
gene_1646,gene_1646,False
gene_1647,gene_1647,False
gene_1648,gene_1648,True
gene_1649,gene_1649,False
gene_1650,gene_1650,False
gene_1651,gene_1651,True
gene_1652,gene_1652,True
gene_1653,gene_1653,False
gene_1654,gene_1654,True
gene_1655,gene_1655,True
gene_1656,gene_1656,False
gene_1657,gene_1657,False
gene_1658,gene_1658,False
gene_1659,gene_1659,False
gene_1660,gene_1660,False
gene_1661,gene_1661,True
gene_1662,gene_1662,False
gene_1663,gene_1663,False
gene_1664,gene_1664,False
gene_1665,gene_1665,False
gene_1666,gene_1666,True
gene_1667,gene_1667,False
gene_1668,gene_1668,False
gene_1669,gene_1669,True
gene_1670,gene_1670,True
gene_1671,gene_1671,False
gene_1672,gene_1672,False
gene_1673,gene_1673,False
gene_1674,gene_1674,False
gene_1675,gene_1675,True
gene_1676,gene_1676,False
gene_1677,gene_1677,False
gene_1678,gene_1678,False
gene_1679,gene_1679,False
gene_1680,gene_1680,False
gene_1681,gene_1681,True
gene_1682,gene_1682,False
gene_1683,gene_1683,False
gene_1684,gene_1684,True
gene_1685,gene_1685,True
gene_1686,gene_1686,False
gene_1687,gene_1687,False
gene_1688,gene_1688,True
gene_1689,gene_1689,False
gene_1690,gene_1690,True
gene_1691,gene_1691,False
gene_1692,gene_1692,False
gene_1693,gene_1693,True
gene_1694,gene_1694,True
gene_1695,gene_1695,False
gene_1696,gene_1696,False
gene_1697,gene_1697,True
gene_1698,gene_1698,True
gene_1699,gene_1699,True
gene_1700,gene_1700,True
gene_1701,gene_1701,False
gene_1702,gene_1702,True
gene_1703,gene_1703,False
gene_1704,gene_1704,True
gene_1705,gene_1705,False
gene_1706,gene_1706,False
gene_1707,gene_1707,False
gene_1708,gene_1708,False
gene_1709,gene_1709,False
gene_1710,gene_1710,True
gene_1711,gene_1711,True
gene_1712,gene_1712,True
gene_1713,gene_1713,True
gene_1714,gene_1714,False
gene_1715,gene_1715,True
gene_1716,gene_1716,False
gene_1717,gene_1717,True
gene_1718,gene_1718,False
gene_1719,gene_1719,True
gene_1720,gene_1720,True
gene_1721,gene_1721,False
gene_1722,gene_1722,False
gene_1723,gene_1723,True
gene_1724,gene_1724,True
gene_1725,gene_1725,True
gene_1726,gene_1726,True
gene_1727,gene_1727,True
gene_1728,gene_1728,False
gene_1729,gene_1729,False
gene_1730,gene_1730,True
gene_1731,gene_1731,True
gene_1732,gene_1732,False
gene_1733,gene_1733,True
gene_1734,gene_1734,False
gene_1735,gene_1735,False
gene_1736,gene_1736,True
gene_1737,gene_1737,False
gene_1738,gene_1738,False
gene_1739,gene_1739,True
gene_1740,gene_1740,False
gene_1741,gene_1741,False
gene_1742,gene_1742,True
gene_1743,gene_1743,False
gene_1744,gene_1744,True
gene_1745,gene_1745,True
gene_1746,gene_1746,True
gene_1747,gene_1747,False
gene_1748,gene_1748,False
gene_1749,gene_1749,True
gene_1750,gene_1750,False
gene_1751,gene_1751,True
gene_1752,gene_1752,False
gene_1753,gene_1753,True
gene_1754,gene_1754,False
gene_1755,gene_1755,False
gene_1756,gene_1756,False
gene_1757,gene_1757,False
gene_1758,gene_1758,True
gene_1759,gene_1759,False
gene_1760,gene_1760,True
gene_1761,gene_1761,True
gene_1762,gene_1762,False
gene_1763,gene_1763,False
gene_1764,gene_1764,False
gene_1765,gene_1765,True
gene_1766,gene_1766,True
gene_1767,gene_1767,False
gene_1768,gene_1768,False
gene_1769,gene_1769,True
gene_1770,gene_1770,False
gene_1771,gene_1771,False
gene_1772,gene_1772,True
gene_1773,gene_1773,True
gene_1774,gene_1774,False
gene_1775,gene_1775,False
gene_1776,gene_1776,True
gene_1777,gene_1777,True
gene_1778,gene_1778,False
gene_1779,gene_1779,False
gene_1780,gene_1780,False
gene_1781,gene_1781,True
gene_1782,gene_1782,True
gene_1783,gene_1783,False
gene_1784,gene_1784,False
gene_1785,gene_1785,True
gene_1786,gene_1786,False
gene_1787,gene_1787,False
gene_1788,gene_1788,True
gene_1789,gene_1789,True
gene_1790,gene_1790,False
gene_1791,gene_1791,False
gene_1792,gene_1792,False
gene_1793,gene_1793,True
gene_1794,gene_1794,False
gene_1795,gene_1795,True
gene_1796,gene_1796,True
gene_1797,gene_1797,True
gene_1798,gene_1798,True
gene_1799,gene_1799,True
gene_1800,gene_1800,False
gene_1801,gene_1801,False
gene_1802,gene_1802,False
gene_1803,gene_1803,False
gene_1804,gene_1804,False
gene_1805,gene_1805,False
gene_1806,gene_1806,False
gene_1807,gene_1807,False
gene_1808,gene_1808,False
gene_1809,gene_1809,False
gene_1810,gene_1810,True
gene_1811,gene_1811,False
gene_1812,gene_1812,False
gene_1813,gene_1813,False
gene_1814,gene_1814,False
gene_1815,gene_1815,False
gene_1816,gene_1816,True
gene_1817,gene_1817,False
gene_1818,gene_1818,True
gene_1819,gene_1819,False
gene_1820,gene_1820,False
gene_1821,gene_1821,True
gene_1822,gene_1822,False
gene_1823,gene_1823,False
gene_1824,gene_1824,True
gene_1825,gene_1825,False
gene_1826,gene_1826,False
gene_1827,gene_1827,False
gene_1828,gene_1828,True
gene_1829,gene_1829,False
gene_1830,gene_1830,False
gene_1831,gene_1831,True
gene_1832,gene_1832,True
gene_1833,gene_1833,True
gene_1834,gene_1834,False
gene_1835,gene_1835,False
gene_1836,gene_1836,True
gene_1837,gene_1837,False
gene_1838,gene_1838,True
gene_1839,gene_1839,True
gene_1840,gene_1840,True
gene_1841,gene_1841,False
gene_1842,gene_1842,False
gene_1843,gene_1843,True
gene_1844,gene_1844,True
gene_1845,gene_1845,False
gene_1846,gene_1846,True
gene_1847,gene_1847,True
gene_1848,gene_1848,True
gene_1849,gene_1849,False
gene_1850,gene_1850,True
gene_1851,gene_1851,False
gene_1852,gene_1852,True
gene_1853,gene_1853,True
gene_1854,gene_1854,True
gene_1855,gene_1855,False
gene_1856,gene_1856,True
gene_1857,gene_1857,True
gene_1858,gene_1858,False
gene_1859,gene_1859,False
gene_1860,gene_1860,True
gene_1861,gene_1861,False
gene_1862,gene_1862,False
gene_1863,gene_1863,False
gene_1864,gene_1864,False
gene_1865,gene_1865,False
gene_1866,gene_1866,False
gene_1867,gene_1867,True
gene_1868,gene_1868,False
gene_1869,gene_1869,False
gene_1870,gene_1870,False
gene_1871,gene_1871,True
gene_1872,gene_1872,False
gene_1873,gene_1873,True
gene_1874,gene_1874,True
gene_1875,gene_1875,True
gene_1876,gene_1876,True
gene_1877,gene_1877,False
gene_1878,gene_1878,False
gene_1879,gene_1879,False
gene_1880,gene_1880,True
gene_1881,gene_1881,True
gene_1882,gene_1882,True
gene_1883,gene_1883,True
gene_1884,gene_1884,True
gene_1885,gene_1885,True
gene_1886,gene_1886,True
gene_1887,gene_1887,False
gene_1888,gene_1888,False
gene_1889,gene_1889,False
gene_1890,gene_1890,True
gene_1891,gene_1891,False
gene_1892,gene_1892,False
gene_1893,gene_1893,False
gene_1894,gene_1894,False
gene_1895,gene_1895,True
gene_1896,gene_1896,True
gene_1897,gene_1897,False
gene_1898,gene_1898,True
gene_1899,gene_1899,True
gene_1900,gene_1900,False
gene_1901,gene_1901,False
gene_1902,gene_1902,True
gene_1903,gene_1903,False
gene_1904,gene_1904,False
gene_1905,gene_1905,True
gene_1906,gene_1906,True
gene_1907,gene_1907,True
gene_1908,gene_1908,True
gene_1909,gene_1909,True
gene_1910,gene_1910,False
gene_1911,gene_1911,False
gene_1912,gene_1912,False
gene_1913,gene_1913,True
gene_1914,gene_1914,True
gene_1915,gene_1915,False
gene_1916,gene_1916,False
gene_1917,gene_1917,True
gene_1918,gene_1918,False
gene_1919,gene_1919,True
gene_1920,gene_1920,True
gene_1921,gene_1921,False
gene_1922,gene_1922,False
gene_1923,gene_1923,False
gene_1924,gene_1924,True
gene_1925,gene_1925,False
gene_1926,gene_1926,False
gene_1927,gene_1927,False
gene_1928,gene_1928,False
gene_1929,gene_1929,False
gene_1930,gene_1930,True
gene_1931,gene_1931,False
gene_1932,gene_1932,False
gene_1933,gene_1933,False
gene_1934,gene_1934,True
gene_1935,gene_1935,False
gene_1936,gene_1936,True
gene_1937,gene_1937,False
gene_1938,gene_1938,True
gene_1939,gene_1939,True
gene_1940,gene_1940,False
gene_1941,gene_1941,True
gene_1942,gene_1942,False
gene_1943,gene_1943,True
gene_1944,gene_1944,False
gene_1945,gene_1945,False
gene_1946,gene_1946,True
gene_1947,gene_1947,True
gene_1948,gene_1948,True
gene_1949,gene_1949,False
gene_1950,gene_1950,True
gene_1951,gene_1951,False
gene_1952,gene_1952,False
gene_1953,gene_1953,True
gene_1954,gene_1954,True
gene_1955,gene_1955,True
gene_1956,gene_1956,True
gene_1957,gene_1957,True
gene_1958,gene_1958,False
gene_1959,gene_1959,True
gene_1960,gene_1960,False
gene_1961,gene_1961,True
gene_1962,gene_1962,True
gene_1963,gene_1963,False
gene_1964,gene_1964,False
gene_1965,gene_1965,True
gene_1966,gene_1966,False
gene_1967,gene_1967,False
gene_1968,gene_1968,True
gene_1969,gene_1969,True
gene_1970,gene_1970,False
gene_1971,gene_1971,False
gene_1972,gene_1972,False
gene_1973,gene_1973,False
gene_1974,gene_1974,False
gene_1975,gene_1975,False
gene_1976,gene_1976,False
gene_1977,gene_1977,False
gene_1978,gene_1978,False
gene_1979,gene_1979,True
gene_1980,gene_1980,True
gene_1981,gene_1981,True
gene_1982,gene_1982,True
gene_1983,gene_1983,False
gene_1984,gene_1984,True
gene_1985,gene_1985,False
gene_1986,gene_1986,False
gene_1987,gene_1987,False
gene_1988,gene_1988,False
gene_1989,gene_1989,False
gene_1990,gene_1990,True
gene_1991,gene_1991,True
gene_1992,gene_1992,False
gene_1993,gene_1993,True
gene_1994,gene_1994,False
gene_1995,gene_1995,False
gene_1996,gene_1996,False
gene_1997,gene_1997,False
gene_1998,gene_1998,False
gene_1999,gene_1999,True
